982538109974994944,1523083114,en,Granada Espaa,None,RT SJSEdmonds Tackling antibiotic resistance in China apply for business funds httpstcoYNkXQqUxvQ UKRI_News DHSCgovuk httpstc,887576638359298049,Miguel Cerezo
982538089754079232,1523083109,en,Estonia,Tallinn,Free Famous Dex x Rich The Kid x Pierre Bourne Made In ChinaProd By Poshlust httpstcooDBAOYqyIn via YouTube,726386640462184452,Poshlust  LIL 2407
982538086801342464,1523083109,en,Anhui Peoples Republic of China,Hong Kong,Corporate Americas operation in China amounts to between 300 billion US dollars and 500 billion US dollarsSo httpstco44OMigWgKm,140804134,AdvocateMnyama
982538087325581312,1523083109,en,None,None,RT trulybbh RT IF SEE YOUR COUNTRY Malaysia Indonesia Philippines South Korea Japan China Taiwan Thailand Vietnam D,975931324484603904,Septi Raihani
982538087224950785,1523083109,en,Melbourne Victoria,None,RT XHNews A vocational school in southern China is helping students from Thailand to learn highspeed rail technologies httpstcoxd9F,892561742366097408,ACFS Vic
982538106585960449,1523083113,en,None,None,China and Russia Advancing AntiSatellite Technology httpstcopEifPHkuxB,922691386196893696,melissa
982538107240280070,1523083114,en,None,None,RT or_pip Obsession with ideology Obsession with identity politics Obsession with Soviet Communism Obsession with Maoist China Obsess,627423111,Paul E Johnson
982538105235427328,1523083113,en,New Delhi India,None,RT IndianExpress IEWorld As China ties up global lithium Asian rivals must bet big on South AmericahttpstcogPzpPB92m7,880743486995152896,Rahul Bhardwaj
982538090408562688,1523083110,en, ,None,RT XHNews Follow us now for more insights of China,981967067611123714,   
982538087426224128,1523083109,en,Seoul Republic of Korea,None,RT kjininihae Yixing have a flight from China to somewhere No one knows again where hell go right now if hes going to go out of the c,936323543083638784,kyungsthetic_
982538101162639360,1523083112,en,None,None,NUAA TSP Postgraduate Scholarships for Foreign Students in China 2018 httpstco09RrTukIBy,4866896349,Youth Opportunities
